Match Number,Round Number,Date,Location,Home Team,Away Team,Result
1,1,14/08/2026 19:00,Molineux Stadium,Wolverhampton Wanderers,Blackburn Rovers,
2,1,15/08/2026 11:30,Toughsheet Community Stadium,Bolton Wanderers,Preston North End,
3,1,15/08/2026 14:00,Ashton Gate Stadium,Bristol City,Millwall,
4,1,15/08/2026 14:00,The Valley,Charlton Athletic,Derby County,
5,1,15/08/2026 14:00,Riverside Stadium,Middlesbrough,Lincoln City,
6,1,15/08/2026 14:00,Carrow Road,Norwich City,West Bromwich Albion,
7,1,15/08/2026 14:00,Fratton Park,Portsmouth,Queens Park Rangers,
8,1,15/08/2026 14:00,bet365 Stadium,Stoke City,Swansea City,
9,1,15/08/2026 16:30,Bramall Lane,Sheffield United,Birmingham City,
10,1,16/08/2026 12:30,Vicarage Road,Watford,Southampton,
11,1,16/08/2026 15:00,Turf Moor,Burnley,West Ham United,
12,1,17/08/2026 19:00,Cardiff City Stadium,Cardiff City,Wrexham,
13,2,22/08/2026 11:30,St. Andrew's @ Knighthead Park,Birmingham City,Bristol City,
16,2,22/08/2026 11:30,LNER Stadium,Lincoln City,Portsmouth,
17,2,22/08/2026 11:30,The Den,Millwall,Norwich City,
14,2,22/08/2026 14:00,Ewood Park,Blackburn Rovers,Middlesbrough,
15,2,22/08/2026 14:00,Pride Park Stadium,Derby County,Cardiff City,
18,2,22/08/2026 14:00,Deepdale,Preston North End,Wolverhampton Wanderers,
19,2,22/08/2026 14:00,MATRADE Loftus Road,Queens Park Rangers,Bolton Wanderers,
20,2,22/08/2026 14:00,St. Mary's Stadium,Southampton,Stoke City,
21,2,22/08/2026 14:00,Swansea.com Stadium,Swansea City,Sheffield United,
23,2,22/08/2026 14:00,London Stadium,West Ham United,Charlton Athletic,
24,2,22/08/2026 14:00,Racecourse Ground,Wrexham,Watford,
22,2,23/08/2026 11:00,The Hawthorns,West Bromwich Albion,Burnley,
36,3,28/08/2026 19:00,Racecourse Ground,Wrexham,Birmingham City,
30,3,29/08/2026 11:30,Pride Park Stadium,Derby County,Swansea City,
31,3,29/08/2026 11:30,Riverside Stadium,Middlesbrough,West Bromwich Albion,
35,3,29/08/2026 11:30,Molineux Stadium,Wolverhampton Wanderers,Stoke City,
25,3,29/08/2026 14:00,Ewood Park,Blackburn Rovers,Queens Park Rangers,
26,3,29/08/2026 14:00,Toughsheet Community Stadium,Bolton Wanderers,Lincoln City,
27,3,29/08/2026 14:00,Ashton Gate Stadium,Bristol City,Portsmouth,
28,3,29/08/2026 14:00,Cardiff City Stadium,Cardiff City,Sheffield United,
29,3,29/08/2026 14:00,The Valley,Charlton Athletic,Preston North End,
32,3,29/08/2026 14:00,Carrow Road,Norwich City,Burnley,
33,3,29/08/2026 14:00,St. Mary's Stadium,Southampton,Millwall,
34,3,29/08/2026 14:00,Vicarage Road,Watford,West Ham United,
37,4,01/09/2026 18:45,St. Andrew's @ Knighthead Park,Birmingham City,Southampton,
38,4,01/09/2026 18:45,LNER Stadium,Lincoln City,Blackburn Rovers,
39,4,01/09/2026 18:45,Fratton Park,Portsmouth,Derby County,
40,4,01/09/2026 18:45,Deepdale,Preston North End,Bristol City,
41,4,01/09/2026 18:45,Bramall Lane,Sheffield United,Bolton Wanderers,
43,4,01/09/2026 18:45,Swansea.com Stadium,Swansea City,Watford,
44,4,01/09/2026 18:45,London Stadium,West Ham United,Wolverhampton Wanderers,
42,4,01/09/2026 19:00,bet365 Stadium,Stoke City,Norwich City,
46,4,02/09/2026 18:45,The Den,Millwall,Wrexham,
47,4,02/09/2026 18:45,MATRADE Loftus Road,Queens Park Rangers,Cardiff City,
48,4,02/09/2026 18:45,The Hawthorns,West Bromwich Albion,Charlton Athletic,
45,4,02/09/2026 19:00,Turf Moor,Burnley,Middlesbrough,
51,5,05/09/2026 11:30,LNER Stadium,Lincoln City,Southampton,
54,5,05/09/2026 11:30,Deepdale,Preston North End,Blackburn Rovers,
57,5,05/09/2026 11:30,bet365 Stadium,Stoke City,Charlton Athletic,
50,5,05/09/2026 14:00,Turf Moor,Burnley,Bristol City,
52,5,05/09/2026 14:00,The Den,Millwall,Bolton Wanderers,
53,5,05/09/2026 14:00,Fratton Park,Portsmouth,Cardiff City,
55,5,05/09/2026 14:00,MATRADE Loftus Road,Queens Park Rangers,Middlesbrough,
56,5,05/09/2026 14:00,Bramall Lane,Sheffield United,Norwich City,
59,5,05/09/2026 14:00,The Hawthorns,West Bromwich Albion,Watford,
60,5,05/09/2026 14:00,London Stadium,West Ham United,Derby County,
58,5,05/09/2026 19:00,Swansea.com Stadium,Swansea City,Wrexham,
49,5,06/09/2026 11:00,St. Andrew's @ Knighthead Park,Birmingham City,Wolverhampton Wanderers,
61,6,08/09/2026 18:45,Ewood Park,Blackburn Rovers,Sheffield United,
63,6,08/09/2026 18:45,Ashton Gate Stadium,Bristol City,Lincoln City,
64,6,08/09/2026 18:45,Cardiff City Stadium,Cardiff City,Stoke City,
65,6,08/09/2026 18:45,Riverside Stadium,Middlesbrough,Millwall,
66,6,08/09/2026 18:45,St. Mary's Stadium,Southampton,Swansea City,
67,6,08/09/2026 18:45,Vicarage Road,Watford,Preston North End,
72,6,08/09/2026 18:45,Racecourse Ground,Wrexham,Burnley,
62,6,08/09/2026 19:00,Toughsheet Community Stadium,Bolton Wanderers,West Ham United,
68,6,09/09/2026 18:45,Molineux Stadium,Wolverhampton Wanderers,Portsmouth,
70,6,09/09/2026 18:45,Pride Park Stadium,Derby County,West Bromwich Albion,
71,6,09/09/2026 18:45,Carrow Road,Norwich City,Birmingham City,
69,6,09/09/2026 19:00,The Valley,Charlton Athletic,Queens Park Rangers,
84,7,11/09/2026 19:00,London Stadium,West Ham United,Wrexham,
74,7,12/09/2026 11:30,Toughsheet Community Stadium,Bolton Wanderers,Cardiff City,
76,7,12/09/2026 11:30,Pride Park Stadium,Derby County,Birmingham City,
83,7,12/09/2026 11:30,The Hawthorns,West Bromwich Albion,Queens Park Rangers,
73,7,12/09/2026 14:00,Ewood Park,Blackburn Rovers,Millwall,
75,7,12/09/2026 14:00,The Valley,Charlton Athletic,Portsmouth,
77,7,12/09/2026 14:00,Riverside Stadium,Middlesbrough,Norwich City,
78,7,12/09/2026 14:00,Deepdale,Preston North End,Lincoln City,
80,7,12/09/2026 14:00,St. Mary's Stadium,Southampton,Bristol City,
81,7,12/09/2026 14:00,Swansea.com Stadium,Swansea City,Burnley,
82,7,12/09/2026 14:00,Vicarage Road,Watford,Stoke City,
79,7,13/09/2026 11:00,Bramall Lane,Sheffield United,Wolverhampton Wanderers,
86,8,18/09/2026 19:00,Ashton Gate Stadium,Bristol City,Watford,
88,8,19/09/2026 11:30,Cardiff City Stadium,Cardiff City,Charlton Athletic,
90,8,19/09/2026 11:30,The Den,Millwall,West Ham United,
94,8,19/09/2026 11:30,bet365 Stadium,Stoke City,Sheffield United,
85,8,19/09/2026 14:00,St. Andrew's @ Knighthead Park,Birmingham City,Middlesbrough,
87,8,19/09/2026 14:00,Turf Moor,Burnley,Derby County,
89,8,19/09/2026 14:00,LNER Stadium,Lincoln City,Swansea City,
91,8,19/09/2026 14:00,Carrow Road,Norwich City,Bolton Wanderers,
92,8,19/09/2026 14:00,Fratton Park,Portsmouth,Blackburn Rovers,
93,8,19/09/2026 14:00,MATRADE Loftus Road,Queens Park Rangers,Preston North End,
96,8,19/09/2026 14:00,Racecourse Ground,Wrexham,Southampton,
95,8,20/09/2026 11:00,Molineux Stadium,Wolverhampton Wanderers,West Bromwich Albion,
108,9,09/10/2026 19:00,London Stadium,West Ham United,Queens Park Rangers,
99,9,10/10/2026 11:30,The Valley,Charlton Athletic,Bristol City,
105,9,10/10/2026 11:30,Swansea.com Stadium,Swansea City,Norwich City,
107,9,10/10/2026 11:30,The Hawthorns,West Bromwich Albion,Birmingham City,
97,9,10/10/2026 14:00,Ewood Park,Blackburn Rovers,Cardiff City,
98,9,10/10/2026 14:00,Toughsheet Community Stadium,Bolton Wanderers,Stoke City,
100,9,10/10/2026 14:00,Pride Park Stadium,Derby County,Wrexham,
101,9,10/10/2026 14:00,Riverside Stadium,Middlesbrough,Wolverhampton Wanderers,
102,9,10/10/2026 14:00,Deepdale,Preston North End,Millwall,
103,9,10/10/2026 14:00,Bramall Lane,Sheffield United,Lincoln City,
106,9,10/10/2026 14:00,Vicarage Road,Watford,Burnley,
104,9,11/10/2026 11:00,St. Mary's Stadium,Southampton,Portsmouth,
109,10,13/10/2026 18:45,St. Andrew's @ Knighthead Park,Birmingham City,Preston North End,
110,10,13/10/2026 18:45,Ashton Gate Stadium,Bristol City,Blackburn Rovers,
111,10,13/10/2026 18:45,Turf Moor,Burnley,Charlton Athletic,
112,10,13/10/2026 18:45,Cardiff City Stadium,Cardiff City,Watford,
113,10,13/10/2026 18:45,The Den,Millwall,Swansea City,
115,10,13/10/2026 18:45,Molineux Stadium,Wolverhampton Wanderers,Bolton Wanderers,
116,10,13/10/2026 18:45,Racecourse Ground,Wrexham,West Bromwich Albion,
114,10,13/10/2026 19:00,bet365 Stadium,Stoke City,Middlesbrough,
118,10,14/10/2026 18:45,Carrow Road,Norwich City,Southampton,
119,10,14/10/2026 18:45,Fratton Park,Portsmouth,Sheffield United,
120,10,14/10/2026 18:45,MATRADE Loftus Road,Queens Park Rangers,Derby County,
117,10,14/10/2026 19:00,LNER Stadium,Lincoln City,West Ham United,
123,11,16/10/2026 19:00,Turf Moor,Burnley,Wolverhampton Wanderers,
125,11,17/10/2026 11:30,Riverside Stadium,Middlesbrough,Cardiff City,
126,11,17/10/2026 11:30,The Den,Millwall,Lincoln City,
130,11,17/10/2026 11:30,Vicarage Road,Watford,Charlton Athletic,
121,11,17/10/2026 14:00,St. Andrew's @ Knighthead Park,Birmingham City,Queens Park Rangers,
122,11,17/10/2026 14:00,Ashton Gate Stadium,Bristol City,Sheffield United,
124,11,17/10/2026 14:00,Pride Park Stadium,Derby County,Stoke City,
127,11,17/10/2026 14:00,Carrow Road,Norwich City,Portsmouth,
128,11,17/10/2026 14:00,St. Mary's Stadium,Southampton,Bolton Wanderers,
129,11,17/10/2026 14:00,Swansea.com Stadium,Swansea City,West Ham United,
131,11,17/10/2026 14:00,The Hawthorns,West Bromwich Albion,Blackburn Rovers,
132,11,17/10/2026 14:00,Racecourse Ground,Wrexham,Preston North End,
134,12,23/10/2026 19:00,Toughsheet Community Stadium,Bolton Wanderers,Middlesbrough,
136,12,24/10/2026 11:30,The Valley,Charlton Athletic,Norwich City,
138,12,24/10/2026 11:30,Fratton Park,Portsmouth,Millwall,
141,12,24/10/2026 11:30,Bramall Lane,Sheffield United,Derby County,
133,12,24/10/2026 14:00,Ewood Park,Blackburn Rovers,Wrexham,
135,12,24/10/2026 14:00,Cardiff City Stadium,Cardiff City,Birmingham City,
137,12,24/10/2026 14:00,LNER Stadium,Lincoln City,Burnley,
139,12,24/10/2026 14:00,Deepdale,Preston North End,West Bromwich Albion,
140,12,24/10/2026 14:00,MATRADE Loftus Road,Queens Park Rangers,Swansea City,
142,12,24/10/2026 14:00,bet365 Stadium,Stoke City,Bristol City,
143,12,24/10/2026 14:00,London Stadium,West Ham United,Southampton,
144,12,24/10/2026 14:00,Molineux Stadium,Wolverhampton Wanderers,Watford,
151,13,30/10/2026 20:00,Bramall Lane,Sheffield United,Wrexham,
147,13,31/10/2026 12:30,LNER Stadium,Lincoln City,Birmingham City,
150,13,31/10/2026 12:30,Carrow Road,Norwich City,Watford,
153,13,31/10/2026 12:30,bet365 Stadium,Stoke City,Preston North End,
145,13,31/10/2026 15:00,Toughsheet Community Stadium,Bolton Wanderers,Bristol City,
146,13,31/10/2026 15:00,Turf Moor,Burnley,Portsmouth,
148,13,31/10/2026 15:00,Riverside Stadium,Middlesbrough,Charlton Athletic,
149,13,31/10/2026 15:00,The Den,Millwall,Derby County,
152,13,31/10/2026 15:00,St. Mary's Stadium,Southampton,Queens Park Rangers,
154,13,31/10/2026 15:00,Swansea.com Stadium,Swansea City,Blackburn Rovers,
155,13,31/10/2026 15:00,London Stadium,West Ham United,West Bromwich Albion,
156,13,31/10/2026 15:00,Molineux Stadium,Wolverhampton Wanderers,Cardiff City,
157,14,03/11/2026 19:45,St. Andrew's @ Knighthead Park,Birmingham City,Millwall,
158,14,03/11/2026 19:45,Ewood Park,Blackburn Rovers,Stoke City,
159,14,03/11/2026 19:45,Pride Park Stadium,Derby County,Norwich City,
160,14,03/11/2026 19:45,Fratton Park,Portsmouth,Swansea City,
161,14,03/11/2026 19:45,Deepdale,Preston North End,Sheffield United,
162,14,03/11/2026 19:45,MATRADE Loftus Road,Queens Park Rangers,Burnley,
163,14,03/11/2026 19:45,Vicarage Road,Watford,Lincoln City,
164,14,03/11/2026 20:00,The Hawthorns,West Bromwich Albion,Southampton,
166,14,04/11/2026 19:45,Cardiff City Stadium,Cardiff City,West Ham United,
167,14,04/11/2026 19:45,The Valley,Charlton Athletic,Bolton Wanderers,
168,14,04/11/2026 19:45,Racecourse Ground,Wrexham,Middlesbrough,
165,14,04/11/2026 20:00,Ashton Gate Stadium,Bristol City,Wolverhampton Wanderers,
174,15,06/11/2026 20:00,Pride Park Stadium,Derby County,Bolton Wanderers,
171,15,07/11/2026 12:30,Ashton Gate Stadium,Bristol City,Norwich City,
175,15,07/11/2026 12:30,Fratton Park,Portsmouth,Stoke City,
180,15,07/11/2026 12:30,Racecourse Ground,Wrexham,Wolverhampton Wanderers,
169,15,07/11/2026 15:00,St. Andrew's @ Knighthead Park,Birmingham City,Swansea City,
170,15,07/11/2026 15:00,Ewood Park,Blackburn Rovers,West Ham United,
172,15,07/11/2026 15:00,Cardiff City Stadium,Cardiff City,Burnley,
173,15,07/11/2026 15:00,The Valley,Charlton Athletic,Sheffield United,
176,15,07/11/2026 15:00,Deepdale,Preston North End,Southampton,
177,15,07/11/2026 15:00,MATRADE Loftus Road,Queens Park Rangers,Lincoln City,
178,15,07/11/2026 15:00,Vicarage Road,Watford,Middlesbrough,
179,15,07/11/2026 15:00,The Hawthorns,West Bromwich Albion,Millwall,
185,16,21/11/2026 12:30,The Den,Millwall,Queens Park Rangers,
186,16,21/11/2026 12:30,Carrow Road,Norwich City,Cardiff City,
188,16,21/11/2026 12:30,St. Mary's Stadium,Southampton,Derby County,
181,16,21/11/2026 15:00,Toughsheet Community Stadium,Bolton Wanderers,Portsmouth,
183,16,21/11/2026 15:00,LNER Stadium,Lincoln City,Wrexham,
184,16,21/11/2026 15:00,Riverside Stadium,Middlesbrough,Bristol City,
187,16,21/11/2026 15:00,Bramall Lane,Sheffield United,Watford,
189,16,21/11/2026 15:00,bet365 Stadium,Stoke City,Birmingham City,
190,16,21/11/2026 15:00,Swansea.com Stadium,Swansea City,West Bromwich Albion,
191,16,21/11/2026 15:00,London Stadium,West Ham United,Preston North End,
192,16,21/11/2026 15:00,Molineux Stadium,Wolverhampton Wanderers,Charlton Athletic,
182,16,22/11/2026 12:00,Turf Moor,Burnley,Blackburn Rovers,
193,17,24/11/2026 19:45,Ashton Gate Stadium,Bristol City,Wrexham,
194,17,24/11/2026 19:45,Cardiff City Stadium,Cardiff City,Preston North End,
195,17,24/11/2026 19:45,The Valley,Charlton Athletic,Lincoln City,
196,17,24/11/2026 19:45,Riverside Stadium,Middlesbrough,Swansea City,
197,17,24/11/2026 19:45,Carrow Road,Norwich City,Queens Park Rangers,
198,17,24/11/2026 19:45,Fratton Park,Portsmouth,West Ham United,
199,17,24/11/2026 19:45,Bramall Lane,Sheffield United,Southampton,
200,17,24/11/2026 20:00,Molineux Stadium,Wolverhampton Wanderers,Derby County,
201,17,25/11/2026 19:45,Toughsheet Community Stadium,Bolton Wanderers,West Bromwich Albion,
202,17,25/11/2026 19:45,Turf Moor,Burnley,Birmingham City,
204,17,25/11/2026 19:45,Vicarage Road,Watford,Blackburn Rovers,
203,17,25/11/2026 20:00,bet365 Stadium,Stoke City,Millwall,
212,18,27/11/2026 20:00,St. Mary's Stadium,Southampton,Middlesbrough,
206,18,28/11/2026 12:30,Ewood Park,Blackburn Rovers,Charlton Athletic,
208,18,28/11/2026 12:30,LNER Stadium,Lincoln City,Wolverhampton Wanderers,
210,18,28/11/2026 12:30,Deepdale,Preston North End,Norwich City,
205,18,28/11/2026 15:00,St. Andrew's @ Knighthead Park,Birmingham City,Bolton Wanderers,
207,18,28/11/2026 15:00,Pride Park Stadium,Derby County,Watford,
209,18,28/11/2026 15:00,The Den,Millwall,Burnley,
211,18,28/11/2026 15:00,MATRADE Loftus Road,Queens Park Rangers,Sheffield United,
214,18,28/11/2026 15:00,The Hawthorns,West Bromwich Albion,Bristol City,
215,18,28/11/2026 15:00,London Stadium,West Ham United,Stoke City,
216,18,28/11/2026 15:00,Racecourse Ground,Wrexham,Portsmouth,
213,18,29/11/2026 12:00,Swansea.com Stadium,Swansea City,Cardiff City,
225,19,04/12/2026 20:00,Bramall Lane,Sheffield United,West Ham United,
217,19,05/12/2026 12:30,Toughsheet Community Stadium,Bolton Wanderers,Blackburn Rovers,
218,19,05/12/2026 12:30,Ashton Gate Stadium,Bristol City,Swansea City,
222,19,05/12/2026 12:30,Riverside Stadium,Middlesbrough,Derby County,
227,19,05/12/2026 12:30,Vicarage Road,Watford,Millwall,
220,19,05/12/2026 15:00,Cardiff City Stadium,Cardiff City,Lincoln City,
221,19,05/12/2026 15:00,The Valley,Charlton Athletic,Birmingham City,
223,19,05/12/2026 15:00,Carrow Road,Norwich City,Wrexham,
224,19,05/12/2026 15:00,Fratton Park,Portsmouth,West Bromwich Albion,
226,19,05/12/2026 15:00,bet365 Stadium,Stoke City,Queens Park Rangers,
228,19,05/12/2026 15:00,Molineux Stadium,Wolverhampton Wanderers,Southampton,
219,19,06/12/2026 12:00,Turf Moor,Burnley,Preston North End,
229,20,08/12/2026 19:45,St. Andrew's @ Knighthead Park,Birmingham City,Watford,
230,20,08/12/2026 19:45,Ewood Park,Blackburn Rovers,Norwich City,
231,20,08/12/2026 19:45,The Den,Millwall,Sheffield United,
232,20,08/12/2026 19:45,MATRADE Loftus Road,Queens Park Rangers,Wolverhampton Wanderers,
233,20,08/12/2026 19:45,Swansea.com Stadium,Swansea City,Bolton Wanderers,
234,20,08/12/2026 19:45,The Hawthorns,West Bromwich Albion,Cardiff City,
236,20,08/12/2026 19:45,Racecourse Ground,Wrexham,Charlton Athletic,
235,20,08/12/2026 20:00,London Stadium,West Ham United,Middlesbrough,
237,20,09/12/2026 19:45,Pride Park Stadium,Derby County,Bristol City,
238,20,09/12/2026 19:45,LNER Stadium,Lincoln City,Stoke City,
239,20,09/12/2026 19:45,Deepdale,Preston North End,Portsmouth,
240,20,09/12/2026 20:00,St. Mary's Stadium,Southampton,Burnley,
242,21,11/12/2026 20:00,Toughsheet Community Stadium,Bolton Wanderers,Wrexham,
247,21,12/12/2026 12:30,Deepdale,Preston North End,Middlesbrough,
248,21,12/12/2026 12:30,MATRADE Loftus Road,Queens Park Rangers,Watford,
250,21,12/12/2026 12:30,bet365 Stadium,Stoke City,West Bromwich Albion,
241,21,12/12/2026 15:00,Ewood Park,Blackburn Rovers,Derby County,
243,21,12/12/2026 15:00,Cardiff City Stadium,Cardiff City,Southampton,
244,21,12/12/2026 15:00,The Valley,Charlton Athletic,Swansea City,
245,21,12/12/2026 15:00,LNER Stadium,Lincoln City,Norwich City,
246,21,12/12/2026 15:00,Fratton Park,Portsmouth,Birmingham City,
249,21,12/12/2026 15:00,Bramall Lane,Sheffield United,Burnley,
251,21,12/12/2026 15:00,London Stadium,West Ham United,Bristol City,
252,21,12/12/2026 15:00,Molineux Stadium,Wolverhampton Wanderers,Millwall,
263,22,18/12/2026 20:00,The Hawthorns,West Bromwich Albion,Sheffield United,
253,22,19/12/2026 12:30,St. Andrew's @ Knighthead Park,Birmingham City,West Ham United,
254,22,19/12/2026 12:30,Ashton Gate Stadium,Bristol City,Cardiff City,
258,22,19/12/2026 12:30,The Den,Millwall,Charlton Athletic,
261,22,19/12/2026 12:30,Swansea.com Stadium,Swansea City,Preston North End,
262,22,19/12/2026 12:30,Vicarage Road,Watford,Bolton Wanderers,
255,22,19/12/2026 15:00,Turf Moor,Burnley,Stoke City,
256,22,19/12/2026 15:00,Pride Park Stadium,Derby County,Lincoln City,
257,22,19/12/2026 15:00,Riverside Stadium,Middlesbrough,Portsmouth,
259,22,19/12/2026 15:00,Carrow Road,Norwich City,Wolverhampton Wanderers,
260,22,19/12/2026 15:00,St. Mary's Stadium,Southampton,Blackburn Rovers,
264,22,19/12/2026 15:00,Racecourse Ground,Wrexham,Queens Park Rangers,
266,23,26/12/2026 12:30,Toughsheet Community Stadium,Bolton Wanderers,Burnley,
273,23,26/12/2026 12:30,Bramall Lane,Sheffield United,Middlesbrough,
265,23,26/12/2026 15:00,Ewood Park,Blackburn Rovers,Birmingham City,
267,23,26/12/2026 15:00,Cardiff City Stadium,Cardiff City,Millwall,
268,23,26/12/2026 15:00,The Valley,Charlton Athletic,Southampton,
269,23,26/12/2026 15:00,LNER Stadium,Lincoln City,West Bromwich Albion,
270,23,26/12/2026 15:00,Fratton Park,Portsmouth,Watford,
271,23,26/12/2026 15:00,Deepdale,Preston North End,Derby County,
272,23,26/12/2026 15:00,MATRADE Loftus Road,Queens Park Rangers,Bristol City,
274,23,26/12/2026 15:00,bet365 Stadium,Stoke City,Wrexham,
275,23,26/12/2026 15:00,London Stadium,West Ham United,Norwich City,
276,23,26/12/2026 15:00,Molineux Stadium,Wolverhampton Wanderers,Swansea City,
288,24,29/12/2026 18:00,Racecourse Ground,Wrexham,Blackburn Rovers,
277,24,29/12/2026 19:45,St. Andrew's @ Knighthead Park,Birmingham City,Cardiff City,
278,24,29/12/2026 19:45,Ashton Gate Stadium,Bristol City,Stoke City,
279,24,29/12/2026 19:45,Turf Moor,Burnley,Lincoln City,
280,24,29/12/2026 19:45,Pride Park Stadium,Derby County,Sheffield United,
281,24,29/12/2026 19:45,Riverside Stadium,Middlesbrough,Bolton Wanderers,
282,24,29/12/2026 19:45,The Den,Millwall,Portsmouth,
283,24,29/12/2026 19:45,Carrow Road,Norwich City,Charlton Athletic,
285,24,29/12/2026 19:45,Swansea.com Stadium,Swansea City,Queens Park Rangers,
286,24,29/12/2026 19:45,Vicarage Road,Watford,Wolverhampton Wanderers,
287,24,29/12/2026 19:45,The Hawthorns,West Bromwich Albion,Preston North End,
284,24,29/12/2026 20:15,St. Mary's Stadium,Southampton,West Ham United,
294,25,01/01/2027 12:30,The Den,Millwall,Wolverhampton Wanderers,
289,25,01/01/2027 15:00,St. Andrew's @ Knighthead Park,Birmingham City,Portsmouth,
290,25,01/01/2027 15:00,Ashton Gate Stadium,Bristol City,West Ham United,
292,25,01/01/2027 15:00,Pride Park Stadium,Derby County,Blackburn Rovers,
293,25,01/01/2027 15:00,Riverside Stadium,Middlesbrough,Preston North End,
295,25,01/01/2027 15:00,Carrow Road,Norwich City,Lincoln City,
296,25,01/01/2027 15:00,St. Mary's Stadium,Southampton,Cardiff City,
297,25,01/01/2027 15:00,Swansea.com Stadium,Swansea City,Charlton Athletic,
298,25,01/01/2027 15:00,Vicarage Road,Watford,Queens Park Rangers,
299,25,01/01/2027 15:00,The Hawthorns,West Bromwich Albion,Stoke City,
300,25,01/01/2027 15:00,Racecourse Ground,Wrexham,Bolton Wanderers,
291,25,01/01/2027 17:30,Turf Moor,Burnley,Sheffield United,
301,26,16/01/2027 15:00,Ewood Park,Blackburn Rovers,West Bromwich Albion,
302,26,16/01/2027 15:00,Toughsheet Community Stadium,Bolton Wanderers,Southampton,
303,26,16/01/2027 15:00,Cardiff City Stadium,Cardiff City,Middlesbrough,
304,26,16/01/2027 15:00,The Valley,Charlton Athletic,Watford,
305,26,16/01/2027 15:00,LNER Stadium,Lincoln City,Millwall,
306,26,16/01/2027 15:00,Fratton Park,Portsmouth,Norwich City,
307,26,16/01/2027 15:00,Deepdale,Preston North End,Wrexham,
308,26,16/01/2027 15:00,MATRADE Loftus Road,Queens Park Rangers,Birmingham City,
309,26,16/01/2027 15:00,Bramall Lane,Sheffield United,Bristol City,
310,26,16/01/2027 15:00,bet365 Stadium,Stoke City,Derby County,
311,26,16/01/2027 15:00,London Stadium,West Ham United,Swansea City,
312,26,16/01/2027 15:00,Molineux Stadium,Wolverhampton Wanderers,Burnley,
313,27,23/01/2027 15:00,St. Andrew's @ Knighthead Park,Birmingham City,Lincoln City,
314,27,23/01/2027 15:00,Ewood Park,Blackburn Rovers,Swansea City,
315,27,23/01/2027 15:00,Ashton Gate Stadium,Bristol City,Bolton Wanderers,
316,27,23/01/2027 15:00,Cardiff City Stadium,Cardiff City,Wolverhampton Wanderers,
317,27,23/01/2027 15:00,The Valley,Charlton Athletic,Middlesbrough,
318,27,23/01/2027 15:00,Pride Park Stadium,Derby County,Millwall,
319,27,23/01/2027 15:00,Fratton Park,Portsmouth,Burnley,
320,27,23/01/2027 15:00,Deepdale,Preston North End,Stoke City,
321,27,23/01/2027 15:00,MATRADE Loftus Road,Queens Park Rangers,Southampton,
322,27,23/01/2027 15:00,Vicarage Road,Watford,Norwich City,
323,27,23/01/2027 15:00,The Hawthorns,West Bromwich Albion,West Ham United,
324,27,23/01/2027 15:00,Racecourse Ground,Wrexham,Sheffield United,
325,28,26/01/2027 19:45,Toughsheet Community Stadium,Bolton Wanderers,Charlton Athletic,
326,28,26/01/2027 19:45,Turf Moor,Burnley,Queens Park Rangers,
327,28,26/01/2027 19:45,LNER Stadium,Lincoln City,Watford,
328,28,26/01/2027 19:45,The Den,Millwall,Birmingham City,
329,28,26/01/2027 19:45,Carrow Road,Norwich City,Derby County,
330,28,26/01/2027 19:45,Bramall Lane,Sheffield United,Preston North End,
331,28,26/01/2027 19:45,St. Mary's Stadium,Southampton,West Bromwich Albion,
332,28,26/01/2027 19:45,bet365 Stadium,Stoke City,Blackburn Rovers,
333,28,27/01/2027 19:45,Riverside Stadium,Middlesbrough,Wrexham,
334,28,27/01/2027 19:45,Swansea.com Stadium,Swansea City,Portsmouth,
335,28,27/01/2027 19:45,London Stadium,West Ham United,Cardiff City,
336,28,27/01/2027 19:45,Molineux Stadium,Wolverhampton Wanderers,Bristol City,
337,29,30/01/2027 15:00,Toughsheet Community Stadium,Bolton Wanderers,Derby County,
338,29,30/01/2027 15:00,Turf Moor,Burnley,Cardiff City,
339,29,30/01/2027 15:00,LNER Stadium,Lincoln City,Queens Park Rangers,
340,29,30/01/2027 15:00,Riverside Stadium,Middlesbrough,Watford,
341,29,30/01/2027 15:00,The Den,Millwall,West Bromwich Albion,
342,29,30/01/2027 15:00,Carrow Road,Norwich City,Bristol City,
343,29,30/01/2027 15:00,Bramall Lane,Sheffield United,Charlton Athletic,
344,29,30/01/2027 15:00,St. Mary's Stadium,Southampton,Preston North End,
345,29,30/01/2027 15:00,bet365 Stadium,Stoke City,Portsmouth,
346,29,30/01/2027 15:00,Swansea.com Stadium,Swansea City,Birmingham City,
347,29,30/01/2027 15:00,London Stadium,West Ham United,Blackburn Rovers,
348,29,30/01/2027 15:00,Molineux Stadium,Wolverhampton Wanderers,Wrexham,
349,30,06/02/2027 15:00,St. Andrew's @ Knighthead Park,Birmingham City,Stoke City,
350,30,06/02/2027 15:00,Ewood Park,Blackburn Rovers,Burnley,
351,30,06/02/2027 15:00,Ashton Gate Stadium,Bristol City,Middlesbrough,
352,30,06/02/2027 15:00,Cardiff City Stadium,Cardiff City,Norwich City,
353,30,06/02/2027 15:00,The Valley,Charlton Athletic,Wolverhampton Wanderers,
354,30,06/02/2027 15:00,Pride Park Stadium,Derby County,Southampton,
355,30,06/02/2027 15:00,Fratton Park,Portsmouth,Bolton Wanderers,
356,30,06/02/2027 15:00,Deepdale,Preston North End,West Ham United,
357,30,06/02/2027 15:00,MATRADE Loftus Road,Queens Park Rangers,Millwall,
358,30,06/02/2027 15:00,Vicarage Road,Watford,Sheffield United,
359,30,06/02/2027 15:00,The Hawthorns,West Bromwich Albion,Swansea City,
360,30,06/02/2027 15:00,Racecourse Ground,Wrexham,Lincoln City,
361,31,13/02/2027 15:00,St. Andrew's @ Knighthead Park,Birmingham City,Derby County,
362,31,13/02/2027 15:00,Ashton Gate Stadium,Bristol City,Southampton,
363,31,13/02/2027 15:00,Turf Moor,Burnley,Swansea City,
364,31,13/02/2027 15:00,Cardiff City Stadium,Cardiff City,Bolton Wanderers,
365,31,13/02/2027 15:00,LNER Stadium,Lincoln City,Preston North End,
366,31,13/02/2027 15:00,The Den,Millwall,Blackburn Rovers,
367,31,13/02/2027 15:00,Carrow Road,Norwich City,Middlesbrough,
368,31,13/02/2027 15:00,Fratton Park,Portsmouth,Charlton Athletic,
369,31,13/02/2027 15:00,MATRADE Loftus Road,Queens Park Rangers,West Bromwich Albion,
370,31,13/02/2027 15:00,bet365 Stadium,Stoke City,Watford,
371,31,13/02/2027 15:00,Molineux Stadium,Wolverhampton Wanderers,Sheffield United,
372,31,13/02/2027 15:00,Racecourse Ground,Wrexham,West Ham United,
373,32,16/02/2027 19:45,Ewood Park,Blackburn Rovers,Bristol City,
374,32,16/02/2027 19:45,The Valley,Charlton Athletic,Burnley,
375,32,16/02/2027 19:45,Pride Park Stadium,Derby County,Queens Park Rangers,
376,32,16/02/2027 19:45,Deepdale,Preston North End,Birmingham City,
377,32,16/02/2027 19:45,Bramall Lane,Sheffield United,Portsmouth,
378,32,16/02/2027 19:45,Vicarage Road,Watford,Cardiff City,
379,32,16/02/2027 19:45,The Hawthorns,West Bromwich Albion,Wrexham,
380,32,16/02/2027 19:45,London Stadium,West Ham United,Lincoln City,
381,32,17/02/2027 19:45,Toughsheet Community Stadium,Bolton Wanderers,Wolverhampton Wanderers,
382,32,17/02/2027 19:45,Riverside Stadium,Middlesbrough,Stoke City,
383,32,17/02/2027 19:45,St. Mary's Stadium,Southampton,Norwich City,
384,32,17/02/2027 19:45,Swansea.com Stadium,Swansea City,Millwall,
385,33,20/02/2027 15:00,Ewood Park,Blackburn Rovers,Portsmouth,
386,33,20/02/2027 15:00,Toughsheet Community Stadium,Bolton Wanderers,Norwich City,
387,33,20/02/2027 15:00,The Valley,Charlton Athletic,Cardiff City,
388,33,20/02/2027 15:00,Pride Park Stadium,Derby County,Burnley,
389,33,20/02/2027 15:00,Riverside Stadium,Middlesbrough,Birmingham City,
390,33,20/02/2027 15:00,Deepdale,Preston North End,Queens Park Rangers,
391,33,20/02/2027 15:00,Bramall Lane,Sheffield United,Stoke City,
392,33,20/02/2027 15:00,St. Mary's Stadium,Southampton,Wrexham,
393,33,20/02/2027 15:00,Swansea.com Stadium,Swansea City,Lincoln City,
394,33,20/02/2027 15:00,Vicarage Road,Watford,Bristol City,
395,33,20/02/2027 15:00,The Hawthorns,West Bromwich Albion,Wolverhampton Wanderers,
396,33,21/02/2027 12:00,London Stadium,West Ham United,Millwall,
397,34,27/02/2027 15:00,St. Andrew's @ Knighthead Park,Birmingham City,West Bromwich Albion,
398,34,27/02/2027 15:00,Ashton Gate Stadium,Bristol City,Charlton Athletic,
399,34,27/02/2027 15:00,Turf Moor,Burnley,Watford,
400,34,27/02/2027 15:00,Cardiff City Stadium,Cardiff City,Blackburn Rovers,
401,34,27/02/2027 15:00,LNER Stadium,Lincoln City,Sheffield United,
402,34,27/02/2027 15:00,The Den,Millwall,Preston North End,
403,34,27/02/2027 15:00,Carrow Road,Norwich City,Swansea City,
405,34,27/02/2027 15:00,MATRADE Loftus Road,Queens Park Rangers,West Ham United,
406,34,27/02/2027 15:00,bet365 Stadium,Stoke City,Bolton Wanderers,
407,34,27/02/2027 15:00,Molineux Stadium,Wolverhampton Wanderers,Middlesbrough,
408,34,27/02/2027 15:00,Racecourse Ground,Wrexham,Derby County,
404,34,28/02/2027 12:00,Fratton Park,Portsmouth,Southampton,
409,35,02/03/2027 19:45,Toughsheet Community Stadium,Bolton Wanderers,Queens Park Rangers,
410,35,02/03/2027 19:45,Ashton Gate Stadium,Bristol City,Birmingham City,
411,35,02/03/2027 19:45,Turf Moor,Burnley,West Bromwich Albion,
412,35,02/03/2027 19:45,Cardiff City Stadium,Cardiff City,Derby County,
413,35,02/03/2027 19:45,The Valley,Charlton Athletic,West Ham United,
414,35,02/03/2027 19:45,Riverside Stadium,Middlesbrough,Blackburn Rovers,
415,35,02/03/2027 19:45,Carrow Road,Norwich City,Millwall,
416,35,02/03/2027 19:45,Vicarage Road,Watford,Wrexham,
417,35,03/03/2027 19:45,Fratton Park,Portsmouth,Lincoln City,
418,35,03/03/2027 19:45,Bramall Lane,Sheffield United,Swansea City,
419,35,03/03/2027 19:45,bet365 Stadium,Stoke City,Southampton,
420,35,03/03/2027 19:45,Molineux Stadium,Wolverhampton Wanderers,Preston North End,
421,36,06/03/2027 15:00,St. Andrew's @ Knighthead Park,Birmingham City,Sheffield United,
422,36,06/03/2027 15:00,Ewood Park,Blackburn Rovers,Wolverhampton Wanderers,
423,36,06/03/2027 15:00,Pride Park Stadium,Derby County,Charlton Athletic,
424,36,06/03/2027 15:00,LNER Stadium,Lincoln City,Middlesbrough,
425,36,06/03/2027 15:00,The Den,Millwall,Bristol City,
426,36,06/03/2027 15:00,Deepdale,Preston North End,Bolton Wanderers,
427,36,06/03/2027 15:00,MATRADE Loftus Road,Queens Park Rangers,Portsmouth,
428,36,06/03/2027 15:00,St. Mary's Stadium,Southampton,Watford,
429,36,06/03/2027 15:00,Swansea.com Stadium,Swansea City,Stoke City,
430,36,06/03/2027 15:00,The Hawthorns,West Bromwich Albion,Norwich City,
431,36,06/03/2027 15:00,London Stadium,West Ham United,Burnley,
432,36,06/03/2027 15:00,Racecourse Ground,Wrexham,Cardiff City,
433,37,13/03/2027 15:00,Toughsheet Community Stadium,Bolton Wanderers,Birmingham City,
434,37,13/03/2027 15:00,Ashton Gate Stadium,Bristol City,West Bromwich Albion,
435,37,13/03/2027 15:00,Turf Moor,Burnley,Millwall,
436,37,13/03/2027 15:00,Cardiff City Stadium,Cardiff City,Swansea City,
437,37,13/03/2027 15:00,The Valley,Charlton Athletic,Blackburn Rovers,
438,37,13/03/2027 15:00,Riverside Stadium,Middlesbrough,Southampton,
439,37,13/03/2027 15:00,Carrow Road,Norwich City,Preston North End,
440,37,13/03/2027 15:00,Fratton Park,Portsmouth,Wrexham,
441,37,13/03/2027 15:00,Bramall Lane,Sheffield United,Queens Park Rangers,
442,37,13/03/2027 15:00,bet365 Stadium,Stoke City,West Ham United,
443,37,13/03/2027 15:00,Vicarage Road,Watford,Derby County,
444,37,13/03/2027 15:00,Molineux Stadium,Wolverhampton Wanderers,Lincoln City,
445,38,16/03/2027 19:45,Pride Park Stadium,Derby County,Middlesbrough,
446,38,16/03/2027 19:45,LNER Stadium,Lincoln City,Cardiff City,
447,38,16/03/2027 19:45,Deepdale,Preston North End,Burnley,
448,38,16/03/2027 19:45,MATRADE Loftus Road,Queens Park Rangers,Stoke City,
449,38,16/03/2027 19:45,St. Mary's Stadium,Southampton,Wolverhampton Wanderers,
450,38,16/03/2027 19:45,Swansea.com Stadium,Swansea City,Bristol City,
451,38,16/03/2027 19:45,The Hawthorns,West Bromwich Albion,Portsmouth,
452,38,16/03/2027 19:45,Racecourse Ground,Wrexham,Norwich City,
453,38,17/03/2027 19:45,St. Andrew's @ Knighthead Park,Birmingham City,Charlton Athletic,
454,38,17/03/2027 19:45,Ewood Park,Blackburn Rovers,Bolton Wanderers,
455,38,17/03/2027 19:45,The Den,Millwall,Watford,
456,38,17/03/2027 19:45,London Stadium,West Ham United,Sheffield United,
457,39,20/03/2027 15:00,St. Andrew's @ Knighthead Park,Birmingham City,Blackburn Rovers,
458,39,20/03/2027 15:00,Ashton Gate Stadium,Bristol City,Queens Park Rangers,
459,39,20/03/2027 15:00,Turf Moor,Burnley,Bolton Wanderers,
460,39,20/03/2027 15:00,Pride Park Stadium,Derby County,Preston North End,
461,39,20/03/2027 15:00,Riverside Stadium,Middlesbrough,Sheffield United,
462,39,20/03/2027 15:00,The Den,Millwall,Cardiff City,
463,39,20/03/2027 15:00,Carrow Road,Norwich City,West Ham United,
464,39,20/03/2027 15:00,St. Mary's Stadium,Southampton,Charlton Athletic,
465,39,20/03/2027 15:00,Swansea.com Stadium,Swansea City,Wolverhampton Wanderers,
466,39,20/03/2027 15:00,Vicarage Road,Watford,Portsmouth,
467,39,20/03/2027 15:00,The Hawthorns,West Bromwich Albion,Lincoln City,
468,39,20/03/2027 15:00,Racecourse Ground,Wrexham,Stoke City,
472,40,03/04/2027 11:30,The Valley,Charlton Athletic,Millwall,
469,40,03/04/2027 14:00,Ewood Park,Blackburn Rovers,Southampton,
470,40,03/04/2027 14:00,Toughsheet Community Stadium,Bolton Wanderers,Watford,
471,40,03/04/2027 14:00,Cardiff City Stadium,Cardiff City,Bristol City,
473,40,03/04/2027 14:00,LNER Stadium,Lincoln City,Derby County,
474,40,03/04/2027 14:00,Fratton Park,Portsmouth,Middlesbrough,
475,40,03/04/2027 14:00,Deepdale,Preston North End,Swansea City,
476,40,03/04/2027 14:00,MATRADE Loftus Road,Queens Park Rangers,Wrexham,
477,40,03/04/2027 14:00,Bramall Lane,Sheffield United,West Bromwich Albion,
478,40,03/04/2027 14:00,bet365 Stadium,Stoke City,Burnley,
479,40,03/04/2027 14:00,London Stadium,West Ham United,Birmingham City,
480,40,03/04/2027 14:00,Molineux Stadium,Wolverhampton Wanderers,Norwich City,
481,41,06/04/2027 18:45,Turf Moor,Burnley,Wrexham,
482,41,06/04/2027 18:45,LNER Stadium,Lincoln City,Bristol City,
483,41,06/04/2027 18:45,The Den,Millwall,Middlesbrough,
484,41,06/04/2027 18:45,Fratton Park,Portsmouth,Wolverhampton Wanderers,
485,41,06/04/2027 18:45,MATRADE Loftus Road,Queens Park Rangers,Charlton Athletic,
486,41,06/04/2027 18:45,bet365 Stadium,Stoke City,Cardiff City,
487,41,06/04/2027 18:45,Swansea.com Stadium,Swansea City,Southampton,
488,41,06/04/2027 18:45,London Stadium,West Ham United,Bolton Wanderers,
489,41,07/04/2027 18:45,St. Andrew's @ Knighthead Park,Birmingham City,Norwich City,
490,41,07/04/2027 18:45,Deepdale,Preston North End,Watford,
491,41,07/04/2027 18:45,Bramall Lane,Sheffield United,Blackburn Rovers,
492,41,07/04/2027 18:45,The Hawthorns,West Bromwich Albion,Derby County,
493,42,10/04/2027 14:00,Ewood Park,Blackburn Rovers,Preston North End,
494,42,10/04/2027 14:00,Toughsheet Community Stadium,Bolton Wanderers,Millwall,
495,42,10/04/2027 14:00,Ashton Gate Stadium,Bristol City,Burnley,
496,42,10/04/2027 14:00,Cardiff City Stadium,Cardiff City,Portsmouth,
497,42,10/04/2027 14:00,The Valley,Charlton Athletic,Stoke City,
498,42,10/04/2027 14:00,Pride Park Stadium,Derby County,West Ham United,
499,42,10/04/2027 14:00,Riverside Stadium,Middlesbrough,Queens Park Rangers,
500,42,10/04/2027 14:00,Carrow Road,Norwich City,Sheffield United,
501,42,10/04/2027 14:00,St. Mary's Stadium,Southampton,Lincoln City,
502,42,10/04/2027 14:00,Vicarage Road,Watford,West Bromwich Albion,
503,42,10/04/2027 14:00,Molineux Stadium,Wolverhampton Wanderers,Birmingham City,
504,42,10/04/2027 14:00,Racecourse Ground,Wrexham,Swansea City,
505,43,17/04/2027 14:00,St. Andrew's @ Knighthead Park,Birmingham City,Wrexham,
506,43,17/04/2027 14:00,Turf Moor,Burnley,Norwich City,
507,43,17/04/2027 14:00,LNER Stadium,Lincoln City,Bolton Wanderers,
508,43,17/04/2027 14:00,The Den,Millwall,Southampton,
509,43,17/04/2027 14:00,Fratton Park,Portsmouth,Bristol City,
510,43,17/04/2027 14:00,Deepdale,Preston North End,Charlton Athletic,
511,43,17/04/2027 14:00,MATRADE Loftus Road,Queens Park Rangers,Blackburn Rovers,
512,43,17/04/2027 14:00,Bramall Lane,Sheffield United,Cardiff City,
513,43,17/04/2027 14:00,bet365 Stadium,Stoke City,Wolverhampton Wanderers,
514,43,17/04/2027 14:00,Swansea.com Stadium,Swansea City,Derby County,
515,43,17/04/2027 14:00,The Hawthorns,West Bromwich Albion,Middlesbrough,
516,43,17/04/2027 14:00,London Stadium,West Ham United,Watford,
517,44,20/04/2027 18:45,Toughsheet Community Stadium,Bolton Wanderers,Sheffield United,
518,44,20/04/2027 18:45,The Valley,Charlton Athletic,West Bromwich Albion,
519,44,20/04/2027 18:45,Pride Park Stadium,Derby County,Portsmouth,
520,44,20/04/2027 18:45,Riverside Stadium,Middlesbrough,Burnley,
521,44,20/04/2027 18:45,Carrow Road,Norwich City,Stoke City,
522,44,20/04/2027 18:45,St. Mary's Stadium,Southampton,Birmingham City,
523,44,20/04/2027 18:45,Molineux Stadium,Wolverhampton Wanderers,West Ham United,
524,44,20/04/2027 18:45,Racecourse Ground,Wrexham,Millwall,
525,44,21/04/2027 18:45,Ewood Park,Blackburn Rovers,Lincoln City,
526,44,21/04/2027 18:45,Ashton Gate Stadium,Bristol City,Preston North End,
527,44,21/04/2027 18:45,Cardiff City Stadium,Cardiff City,Queens Park Rangers,
528,44,21/04/2027 18:45,Vicarage Road,Watford,Swansea City,
529,45,24/04/2027 14:00,Toughsheet Community Stadium,Bolton Wanderers,Swansea City,
530,45,24/04/2027 14:00,Ashton Gate Stadium,Bristol City,Derby County,
531,45,24/04/2027 14:00,Turf Moor,Burnley,Southampton,
532,45,24/04/2027 14:00,Cardiff City Stadium,Cardiff City,West Bromwich Albion,
533,45,24/04/2027 14:00,The Valley,Charlton Athletic,Wrexham,
534,45,24/04/2027 14:00,Riverside Stadium,Middlesbrough,West Ham United,
535,45,24/04/2027 14:00,Carrow Road,Norwich City,Blackburn Rovers,
536,45,24/04/2027 14:00,Fratton Park,Portsmouth,Preston North End,
537,45,24/04/2027 14:00,Bramall Lane,Sheffield United,Millwall,
538,45,24/04/2027 14:00,bet365 Stadium,Stoke City,Lincoln City,
539,45,24/04/2027 14:00,Vicarage Road,Watford,Birmingham City,
540,45,24/04/2027 14:00,Molineux Stadium,Wolverhampton Wanderers,Queens Park Rangers,
541,46,01/05/2027 11:30,St. Andrew's @ Knighthead Park,Birmingham City,Burnley,
542,46,01/05/2027 11:30,Ewood Park,Blackburn Rovers,Watford,
543,46,01/05/2027 11:30,Pride Park Stadium,Derby County,Wolverhampton Wanderers,
544,46,01/05/2027 11:30,LNER Stadium,Lincoln City,Charlton Athletic,
545,46,01/05/2027 11:30,The Den,Millwall,Stoke City,
546,46,01/05/2027 11:30,Deepdale,Preston North End,Cardiff City,
547,46,01/05/2027 11:30,MATRADE Loftus Road,Queens Park Rangers,Norwich City,
548,46,01/05/2027 11:30,St. Mary's Stadium,Southampton,Sheffield United,
549,46,01/05/2027 11:30,Swansea.com Stadium,Swansea City,Middlesbrough,
550,46,01/05/2027 11:30,The Hawthorns,West Bromwich Albion,Bolton Wanderers,
551,46,01/05/2027 11:30,London Stadium,West Ham United,Portsmouth,
552,46,01/05/2027 11:30,Racecourse Ground,Wrexham,Bristol City,
